ScientistName,preparation,date,components,login,password
Ланчеков Алексей Тимофеевич,Зылорик,1489-05-21,Chemical_63 Chemical_71 Chemical_40,Ланчеков_АТ,NhbTTxprg4
Ампипогов Михаил Юрьевич,Иммунивит,1664-02-17,Chemical_100 Chemical_6 Chemical_44,Ампипогов_МЮ,Rjku8A2W22
Тюлюлюева Анна Яковлевна,Нитросорбид,1827-09-25,Chemical_18 Chemical_69 Chemical_93,Тюлюлюева_АЯ,0D7IYVxEKq
Неветруева Елена Эдуардовна,Гидрохлоротиазид,0902-11-21,Chemical_15 Chemical_82 Chemical_21,Неветруева_ЕЭ,IS311xEGWS
Курочкин Руслан Аркадиевич,Золедроновая кислота,1389-01-05,Chemical_44 Chemical_62 Chemical_73,Курочкин_РА,4jyQZSpfvg
Рутковский Антон Кириллович,Бактрим,1327-01-22,Chemical_19 Chemical_27 Chemical_68,Рутковский_АК,QuLKuu3Cdf
Шабунов Юрий Алексиевич,Парацетамол,0970-10-22,Chemical_41 Chemical_31 Chemical_39,Шабунов_ЮА,AZkEB2lUjt
Кожетев Максим Аркадиевич,Алпразолам,1743-04-03,Chemical_26 Chemical_76 Chemical_16,Кожетев_МА,YMiobIP8Ti
Хусаинов Антон Алексеевич,Росувастатин,0949-06-08,Chemical_89 Chemical_77 Chemical_35,Хусаинов_АА,TjVS4l7EON
Вендеров Никита Тимофеевич,Витамин С,1119-02-24,Chemical_43 Chemical_97 Chemical_3,Вендеров_НТ,c4Wty0y6mY
Дергунская Яна Эдуардовна,Колчицин,1909-04-19,Chemical_70 Chemical_7 Chemical_23,Дергунская_ЯЭ,CJmUHwMwSt
Заботнов Анатолий Максимович,Тианептин,1454-04-22,Chemical_75 Chemical_98 Chemical_63,Заботнов_АМ,Xme02qhNl2
Рубинов Руслан Иванович,Рамиприл,1276-02-24,Chemical_38 Chemical_46 Chemical_16,Рубинов_РИ,EZyWIkimHL
Крючатов Ярослав Антонович,Миртазапин,1734-03-17,Chemical_51 Chemical_64 Chemical_70,Крючатов_ЯА,vAO6phrnsr
Жебракова Полина Игоревна,Бисопролол,1886-02-19,Chemical_87 Chemical_27 Chemical_19,Жебракова_ПИ,7ay1SDtFm4
Данивецкая Виолетта Эдуардовна,Золедроновая кислота,1451-11-13,Chemical_37 Chemical_65 Chemical_92,Данивецкая_ВЭ,ICoqYhOdOZ
Мятлев Георгий Денисович,Азитромицин,1987-08-26,Chemical_16 Chemical_14 Chemical_48,Мятлев_ГД,jpGOdDZDEi
Нетунаев Руслан Петрович,Клопидогрел,1969-06-01,Chemical_99 Chemical_87 Chemical_25,Нетунаев_РП,h320pYyVco
Аранышев Иван Юрьевич,Тианептин,1035-08-27,Chemical_56 Chemical_60 Chemical_53,Аранышев_ИЮ,Mvn7LvnSAj
Курмелев Леонид Николаевич,Спазмалгон,1543-08-10,Chemical_44 Chemical_43 Chemical_15,Курмелев_ЛН,rBINoNWhsf
Арончикова Вероника Викторовна,Живина,2000-01-25,Chemical_22 Chemical_91 Chemical_60,Арончикова_ВВ,YVL6jxvdQW
Гизулина Галина Ивановна,Омепразол,1875-10-22,Chemical_9 Chemical_3 Chemical_59,Гизулина_ГИ,L83uyVS01U
Мразевский Артём Викторович,Диклофенак,1450-12-12,Chemical_98 Chemical_9 Chemical_50,Мразевский_АВ,unn4fiMPyV
Окладнова Алена Максимовна,Агонал,1765-03-28,Chemical_26 Chemical_32 Chemical_27,Окладнова_АМ,n0nE2WOQtN
Курыпина Анастасия Валерьевна,Золекс,1663-06-14,Chemical_1 Chemical_94 Chemical_63,Курыпина_АВ,9UgggTpa4e
Алтамонов Борис Аркадиевич,Оланзапин,1215-11-17,Chemical_57 Chemical_81 Chemical_21,Алтамонов_БА,mt5pjCUjmL
Бардаева Анна Михайловна,Пароксетин,1368-03-04,Chemical_20 Chemical_65 Chemical_42,Бардаева_АМ,gWCSB3i0n1
Родных Игорь Михаилович,Валидол,1123-03-07,Chemical_77 Chemical_45 Chemical_100,Родных_ИМ,kOFW4dzLiq
Маговский Константин Юриевич,Ацетилсалициловая кислота,1315-08-02,Chemical_73 Chemical_92 Chemical_9,Маговский_КЮ,qPtN8hKnmp
Гергиев Олег Кириллович,Омепразол,1333-04-12,Chemical_6 Chemical_93 Chemical_45,Гергиев_ОК,fjWUbN1qVf
Русалина Дарья Алексеевна,Ибупрофен,1390-11-03,Chemical_26 Chemical_30 Chemical_82,Русалина_ДА,QlWNDTVTZm
Бухтулова Виктория Алексеевна,Бромгексин,1408-11-08,Chemical_72 Chemical_8 Chemical_45,Бухтулова_ВА,GDP2DPpIPi
Сабаткоев Федор Викторович,Нимесулид,1531-01-04,Chemical_55 Chemical_67 Chemical_74,Сабаткоев_ФВ,SRxVvOajSN
Шмитов Никита Игоревич,Левофлоксацин,1817-07-04,Chemical_41 Chemical_81 Chemical_61,Шмитов_НИ,InEeVsq8R9
Стенцова Лиза Петровна,Диклофенак,1261-11-17,Chemical_65 Chemical_13 Chemical_29,Стенцова_ЛП,qTT0JO5JvE
Ярычевский Максим Евгеньевич,Глюкозамин,1106-01-17,Chemical_34 Chemical_86 Chemical_88,Ярычевский_МЕ,A9fFl8W943
Шкваркин Федор Юрьевич,Тианептин,0929-07-27,Chemical_67 Chemical_56 Chemical_43,Шкваркин_ФЮ,lYh1KVWOoD
Магусумова Ирина Олеговна,Дикарбазин,0991-07-16,Chemical_51 Chemical_15 Chemical_2,Магусумова_ИО,XCn4UXhuXA
Шаморкина Галина Федоровна,Кладрибин,1633-08-02,Chemical_61 Chemical_62 Chemical_48,Шаморкина_ГФ,EaGKF3NbZd
Цицеров Альберт Антонович,Небиволол,1820-01-05,Chemical_6 Chemical_48 Chemical_7,Цицеров_АА,zCksv1b7Mb
Улерьянова Ксения Евгеньевна,Диклофенак,1523-11-17,Chemical_1 Chemical_14 Chemical_96,Улерьянова_КЕ,o9DeMKHfF3
Ханмурзина Карина Игоревна,Енап,1309-08-18,Chemical_21 Chemical_1 Chemical_34,Ханмурзина_КИ,lzMogweTce
Гарская Евгения Никитична,Пилипен,1983-11-20,Chemical_2 Chemical_15 Chemical_11,Гарская_ЕН,VGkUOyWAQM
Гнетнев Григорий Денисович,Евалар солгар мультивитамини,1074-07-16,Chemical_12 Chemical_69 Chemical_99,Гнетнев_ГД,SC3ZEhDHo6
Бельцов Алексей Яковлевич,Ретардин,2011-04-09,Chemical_2 Chemical_23 Chemical_92,Бельцов_АЯ,tDhIHnuRHi
Федурин Владимир Алексеевич,Амитриптилин,0982-10-20,Chemical_5 Chemical_75 Chemical_78,Федурин_ВА,B6npPSd7TT
Акацков Анатолий Кириллович,Бетаин,1567-02-19,Chemical_73 Chemical_17 Chemical_48,Акацков_АК,z9fahxUAbN
Кумакова Жанна Борисовна,Лоразепам,1605-07-21,Chemical_70 Chemical_36 Chemical_6,Кумакова_ЖБ,QFZLZplVX3
Кобызева Ольга Андреевна,Лантус,1198-01-23,Chemical_25 Chemical_64 Chemical_89,Кобызева_ОА,doj945xVf7
Кимятов Владимир Евгеньевич,Дектанол,1854-12-15,Chemical_43 Chemical_98 Chemical_34,Кимятов_ВЕ,VH1fsh4CzI
Милавина Виолетта Аркадьевна,Росувастатин,1215-12-04,Chemical_40 Chemical_57 Chemical_47,Милавина_ВА,Krzm2KQQQx
Манетов Павел Павлович,Бисакодил,0969-07-05,Chemical_11 Chemical_13 Chemical_51,Манетов_ПП,qEoVSqnG4t
Сайдакова Людмила Вадимовна,Мелоксикам,1620-02-12,Chemical_3 Chemical_23 Chemical_56,Сайдакова_ЛВ,TJVLJ8Ar16
Туржанский Семён Антонович,Уоллтапс,1042-06-13,Chemical_18 Chemical_78 Chemical_92,Туржанский_СА,qQmlNkmnwX
Цыпушкина Елена Андреевна,Енап,1837-04-20,Chemical_77 Chemical_69 Chemical_1,Цыпушкина_ЕА,2wETcw2KJ7
Лунарева Ксения Алексеевна,Ранитидин,1382-08-04,Chemical_10 Chemical_97 Chemical_88,Лунарева_КА,P43YXjToyX
Ивлюшин Георгий Николаевич,Амоксициллин,1202-01-01,Chemical_85 Chemical_54 Chemical_72,Ивлюшин_ГН,5qaxSHAhM2
Гудашов Юрий Алексиевич,Ибупрофен,1736-03-19,Chemical_7 Chemical_9 Chemical_40,Гудашов_ЮА,uR97edo1sc
Чачкин Владислав Денисович,Небиволол,1474-01-02,Chemical_85 Chemical_98 Chemical_94,Чачкин_ВД,KxTi3tmY7X
Тайдаков Виталий Романович,Габапентин,1154-10-13,Chemical_10 Chemical_61 Chemical_4,Тайдаков_ВР,V7dBLFCSOJ
Бояршинов Алексей Адамович,Ингавирин,1907-06-08,Chemical_32 Chemical_35 Chemical_22,Бояршинов_АА,o2GmabA88L
Докшукина Оксана Петровна,Пилипен,1491-03-01,Chemical_93 Chemical_32 Chemical_8,Докшукина_ОП,lK7DtbvQLU
Бганцева Клавдия Егоровна,Левофлоксацин,1306-02-15,Chemical_18 Chemical_16 Chemical_12,Бганцева_КЕ,sH3uDgvInv
Чубокова Виолетта Валерьевна,Бактрим,1103-03-12,Chemical_6 Chemical_72 Chemical_15,Чубокова_ВВ,5ohBcIvRdQ
Голощапов Станислав Яковлевич,Азитромицин,1419-08-05,Chemical_17 Chemical_73 Chemical_39,Голощапов_СЯ,YuNJoC5QL8
Лукьянцев Эдуард Евгеньевич,Оксикодон,1320-05-12,Chemical_40 Chemical_66 Chemical_81,Лукьянцев_ЭЕ,fKrrkjRAN1
Мазаркина Инна Сергеевна,Урсофальк,1174-11-25,Chemical_96 Chemical_27 Chemical_81,Мазаркина_ИС,m1I7HdL44x
Иманалин Борис Кириллович,Сульфасалазин,1684-08-28,Chemical_53 Chemical_71 Chemical_80,Иманалин_БК,BycESu6GIh
Поканкина Марина Михайловна,Глюкозамин,1008-12-26,Chemical_2 Chemical_85 Chemical_55,Поканкина_ММ,oCyg9PvMcm
Такинова Жанна Эдуардовна,Тикалиптин,1257-06-04,Chemical_2 Chemical_60 Chemical_35,Такинова_ЖЭ,59C3RSqGhI
Клецкина Виктория Яковлевна,Ёжик,1800-08-04,Chemical_32 Chemical_18 Chemical_21,Клецкина_ВЯ,I9vxTqZh05
Космынин Константин Павлович,Мидокалм,1380-09-07,Chemical_63 Chemical_19 Chemical_25,Космынин_КП,Epzm1wmG5j
Курцапов Виктор Иванович,Витамин С,1104-12-05,Chemical_11 Chemical_22 Chemical_63,Курцапов_ВИ,K5ZjrqINyo
Шарафанова Виктория Егоровна,Протоник,1004-04-20,Chemical_9 Chemical_97 Chemical_88,Шарафанова_ВЕ,N8c3QmQ84u
Лушаков Руслан Василиевич,Омепразол,1128-03-25,Chemical_12 Chemical_17 Chemical_62,Лушаков_РВ,NUfn5Ruljy
Балченкова Оксана Вадимовна,Ранитидин,1438-04-13,Chemical_9 Chemical_16 Chemical_4,Балченкова_ОВ,NJjMSkpTvA
Комаровцев Михаил Максимович,Оксикодон,1424-12-02,Chemical_6 Chemical_45 Chemical_21,Комаровцев_ММ,r6E8viWtN5
Машурцева Алена Кирилловна,Левотироксин,1548-02-02,Chemical_42 Chemical_6 Chemical_92,Машурцева_АК,c1TOOi4DlI
Алшибекова Вероника Леонидовна,Преднизолон,1231-04-18,Chemical_64 Chemical_29 Chemical_68,Алшибекова_ВЛ,pQF8MCUAxN
Карликов Федор Викторович,Ацетилсалициловая кислота,1340-05-22,Chemical_56 Chemical_36 Chemical_38,Карликов_ФВ,J0W6NxweWQ
Махначев Павел Максимович,Урсофальк,0903-09-18,Chemical_33 Chemical_5 Chemical_47,Махначев_ПМ,MquEiMZ6Fz
Мухоткин Валентин Кириллович,Пилипен,1051-12-04,Chemical_41 Chemical_17 Chemical_15,Мухоткин_ВК,MAT3aOmVsd
Ведмедова Раиса Дмитриевна,Бетаин,1312-08-23,Chemical_78 Chemical_84 Chemical_23,Ведмедова_РД,wIm5Vik0sd
Отовина Любовь Игоревна,Индометацин,1600-11-20,Chemical_44 Chemical_90 Chemical_85,Отовина_ЛИ,4uKecNWIy3
Алавердиев Степан Олегович,Росувастатин,1710-06-20,Chemical_8 Chemical_73 Chemical_53,Алавердиев_СО,s74dmRyHrN
Хотькова Виктория Игоревна,Сертралин,1015-01-18,Chemical_77 Chemical_22 Chemical_2,Хотькова_ВИ,3eTPD4C3wj
Болхова Яна Никитична,Валидол,1988-08-09,Chemical_27 Chemical_66 Chemical_94,Болхова_ЯН,KW0tKZX5KO
Савыкин Геннадий Георгиевич,Тианептин,1002-05-22,Chemical_46 Chemical_14 Chemical_72,Савыкин_ГГ,XkRQsT52fY
Бобова Марина Вадимовна,Виагра,1968-03-15,Chemical_33 Chemical_16 Chemical_31,Бобова_МВ,rC8yuquTmH
Будрецова Клавдия Вадимовна,Сертралин,1664-01-24,Chemical_61 Chemical_38 Chemical_92,Будрецова_КВ,7c6Qtsn8ey
Мятов Алексей Юриевич,Рамиприл,1425-08-18,Chemical_72 Chemical_56 Chemical_10,Мятов_АЮ,pO1kyCy4M7
Кувецкая Валерия Леонидовна,Гидрохлоротиазид,1422-08-22,Chemical_17 Chemical_69 Chemical_59,Кувецкая_ВЛ,RQuGDbVoTg
Буралкина Екатерина Аркадьевна,Омега-3 кислоты,1873-05-13,Chemical_72 Chemical_28 Chemical_90,Буралкина_ЕА,1Sl8rSMed7
Хихеткин Артур Евгеньевич,Азитромицин,1705-12-14,Chemical_39 Chemical_80 Chemical_63,Хихеткин_АЕ,qPaWoaCHLK
Майоркин Николай Фёдорович,Бисакодил,1587-07-04,Chemical_8 Chemical_2 Chemical_54,Майоркин_НФ,jXctOZaglK
Кудисов Леонид Фёдорович,Триптаны,1862-02-05,Chemical_14 Chemical_99 Chemical_4,Кудисов_ЛФ,qhfIppwNZI
Калмыков Эдуард Георгиевич,Лоразепам,1256-01-24,Chemical_59 Chemical_99 Chemical_20,Калмыков_ЭГ,pILBCofxdn
Бетова Наталья Василевна,Дектанол,1422-04-20,Chemical_38 Chemical_61 Chemical_89,Бетова_НВ,paxHJ6dvBL
Искуснова Алла Максимовна,Золедроновая кислота,1269-06-24,Chemical_80 Chemical_10 Chemical_51,Искуснова_АМ,nUPqR6HIA5
Ващугина Надежда Петровна,Метформин,1166-02-10,Chemical_11 Chemical_45 Chemical_38,Ващугина_НП,UUWKptM3iR
Каинкова Виктория Валерьевна,Амлодипин,1718-05-07,Chemical_3 Chemical_98 Chemical_89,Каинкова_ВВ,2oMh4tFFnv
Заиров Кирилл Максимович,Пропанолол,1288-01-06,Chemical_27 Chemical_70 Chemical_95,Заиров_КМ,CBM81VO6c2
Хайзникова Дарья Сергеевна,Пилипен,1987-10-10,Chemical_97 Chemical_82 Chemical_99,Хайзникова_ДС,HSQEM8VmIW
Литвинцов Степан Яковлевич,Ниссан,1343-04-25,Chemical_57 Chemical_33 Chemical_36,Литвинцов_СЯ,1Qk6XwukMK
Кушаев Геннадий Игоревич,Диклофенак,1001-05-07,Chemical_16 Chemical_48 Chemical_94,Кушаев_ГИ,AeweD7bGFr
Шинякова Светлана Егоровна,Зинорам,1157-11-16,Chemical_26 Chemical_5 Chemical_8,Шинякова_СЕ,DbKRfM0FId
Федулин Альберт Иванович,Амоксиклав,1063-06-15,Chemical_78 Chemical_30 Chemical_55,Федулин_АИ,qXo4f2ZdFT
Одноценова Мария Василевна,Бактрим,1426-04-13,Chemical_14 Chemical_19 Chemical_45,Одноценова_МВ,Bed0SDN3Fe
Любарцев Борис Викторович,Амитриптилин,1655-01-24,Chemical_81 Chemical_12 Chemical_93,Любарцев_БВ,RDfQuhp22m
Османова Екатерина Егоровна,Миртазапин,1509-03-03,Chemical_96 Chemical_72 Chemical_69,Османова_ЕЕ,dUvVZuXPuS
Потрягина Кристина Романовна,Пропанолол,1060-03-02,Chemical_58 Chemical_14 Chemical_83,Потрягина_КР,733KSOXCP1
Балуев Семён Антонович,Норматен,1662-11-07,Chemical_95 Chemical_58 Chemical_71,Балуев_СА,ktXinmcUXF
Екимовский Владислав Фёдорович,Венолайфт,0926-06-22,Chemical_59 Chemical_56 Chemical_77,Екимовский_ВФ,B9tKo8OSsk
Шпанина Маргарита Максимовна,Пентоксифиллин,1432-09-20,Chemical_12 Chemical_22 Chemical_37,Шпанина_ММ,tZcqoLcvFs
Пошнагова Юлия Кирилловна,Железа препараты,1815-11-04,Chemical_61 Chemical_38 Chemical_2,Пошнагова_ЮК,CuMEqTfgTw
Кудинкова Ирина Михайловна,Кандесартан,1580-12-23,Chemical_90 Chemical_100 Chemical_60,Кудинкова_ИМ,7XMDqFCmlQ
Водоморина Софья Яковлевна,Метопролол,1599-06-03,Chemical_33 Chemical_79 Chemical_68,Водоморина_СЯ,HeTzkuSWRJ
Липезина Анна Алексеевна,Тианептин,1244-04-02,Chemical_17 Chemical_84 Chemical_70,Липезина_АА,TxXZLH9cgb
Илалов Тарас Яковлевич,Допамин,1025-05-04,Chemical_51 Chemical_21 Chemical_67,Илалов_ТЯ,uNlxspSDOb
Лакушова Тамара Ивановна,Бетаин,1016-09-01,Chemical_91 Chemical_90 Chemical_42,Лакушова_ТИ,lwSVj8bgs6
Ярмизина Алиса Богдановна,Живина,1120-09-19,Chemical_11 Chemical_15 Chemical_69,Ярмизина_АБ,QMxz2yUGwA
Зулков Станислав Антонович,Валацикловир,1630-11-10,Chemical_7 Chemical_61 Chemical_87,Зулков_СА,WkqlPt0MKs
Кочурин Евгений Данилович,Транексамовая кислота,1574-01-11,Chemical_97 Chemical_25 Chemical_5,Кочурин_ЕД,QUWtH9et1q
Череватова Вероника Вадимовна,Кандесартан,0998-12-19,Chemical_39 Chemical_85 Chemical_90,Череватова_ВВ,L5h6DuCmEC
Курьянская Любовь Федоровна,Железа препараты,1432-03-23,Chemical_31 Chemical_72 Chemical_15,Курьянская_ЛФ,KyRTF0XtGu
Бачалдина Яна Максимовна,Урсофальк,1492-06-18,Chemical_16 Chemical_96 Chemical_33,Бачалдина_ЯМ,bbBFibB6dq
Наруцкая Катерина Андреевна,Венолайфт,0951-01-04,Chemical_84 Chemical_47 Chemical_3,Наруцкая_КА,sZYrFhjTCU
Набилкова Софья Борисовна,Дексаметазон,1625-08-25,Chemical_6 Chemical_96 Chemical_4,Набилкова_СБ,NykwQ2TNBQ
Меркулов Андрей Аркадиевич,Мелоксикам,1905-09-07,Chemical_46 Chemical_74 Chemical_56,Меркулов_АА,1AooDHHofY
Скитский Вадим Викторович,Лоразепам,1725-10-11,Chemical_14 Chemical_81 Chemical_84,Скитский_ВВ,LFeVWgQoek
Шаульская Надежда Максимовна,Дектанол,1077-04-05,Chemical_27 Chemical_31 Chemical_39,Шаульская_НМ,y3XijtVwEI
Распевин Константин Валериевич,Гидрохлоротиазид,1634-09-05,Chemical_31 Chemical_94 Chemical_68,Распевин_КВ,bARYX9r3r0
Агешкин Александр Романович,Бетаметазон,1403-04-27,Chemical_97 Chemical_18 Chemical_58,Агешкин_АР,A5t0afjqfO
Хайдина Маргарита Алексеевна,Бромгексин,1448-08-07,Chemical_71 Chemical_18 Chemical_99,Хайдина_МА,FKsM8cfKhJ
Духиева Алла Никитична,Гидрохлоротиазид,1163-04-13,Chemical_64 Chemical_11 Chemical_44,Духиева_АН,YLnXupnC6Z
Щуринова Ольга Вадимовна,Валацикловир,1171-09-14,Chemical_1 Chemical_26 Chemical_84,Щуринова_ОВ,uVd0QTzyXG
Кеплина Наталия Борисовна,Витамин С,1811-03-23,Chemical_49 Chemical_75 Chemical_27,Кеплина_НБ,Kri28lqXoU
Шелмаков Георгий Николаевич,Золаир,1188-05-12,Chemical_93 Chemical_31 Chemical_58,Шелмаков_ГН,pYHAMcdYD8
Лошадина Екатерина Евгеньевна,Жасмин,1783-12-14,Chemical_11 Chemical_44 Chemical_39,Лошадина_ЕЕ,nxkLxLupbG
Ароматова Анастасия Максимовна,Железа препараты,1239-07-25,Chemical_47 Chemical_7 Chemical_75,Ароматова_АМ,08LKjx2zZ4
Голыбина Оксана Михайловна,Евалар солгар мультивитамини,2022-02-08,Chemical_100 Chemical_14 Chemical_94,Голыбина_ОМ,oDb11eDEDW
Кувыршина Валерия Игоревна,Золекс,1630-01-01,Chemical_64 Chemical_71 Chemical_27,Кувыршина_ВИ,p0QqVx8a8t
Хитьков Анатолий Петрович,Аллопуринол,1519-07-04,Chemical_87 Chemical_96 Chemical_19,Хитьков_АП,1SmI2A8sNl
Шибилкин Яков Кириллович,Антациды,1518-10-06,Chemical_83 Chemical_15 Chemical_80,Шибилкин_ЯК,vlWNwrS79P
Кереметин Вячеслав Тимофеевич,Зинорам,1637-04-21,Chemical_83 Chemical_25 Chemical_38,Кереметин_ВТ,oX0CmyhGcL
Брокина Дарья Олеговна,Ацетилсалициловая кислота,1327-01-03,Chemical_8 Chemical_68 Chemical_90,Брокина_ДО,iJLrUnY6WY
Ачин Герасим Данилович,Гидрохлоротиазид,1014-01-22,Chemical_18 Chemical_70 Chemical_37,Ачин_ГД,yjVDgMzoEt
Тановицкий Тарас Виталиевич,Тикалиптин,1762-03-15,Chemical_55 Chemical_91 Chemical_31,Тановицкий_ТВ,bAqa46EzfV
Беломожнов Михаил Романович,Левотироксин,1072-09-24,Chemical_46 Chemical_12 Chemical_12,Беломожнов_МР,TbF6xHRS3P
Хорошилин Кирилл Фёдорович,Мезим,1820-07-08,Chemical_16 Chemical_44 Chemical_52,Хорошилин_КФ,Qxt7u7O1ma
Киржанкова Алиса Вадимовна,Виалар,1652-12-11,Chemical_76 Chemical_49 Chemical_89,Киржанкова_АВ,32BxJqHyAa
Цуканов Иван Иванович,Венолайфт,1674-07-26,Chemical_9 Chemical_26 Chemical_26,Цуканов_ИИ,9WI8nlxyVK
Потешных Дмитрий Иванович,Колчицин,1097-08-05,Chemical_97 Chemical_4 Chemical_22,Потешных_ДИ,dco5U7rJOv
Суряднова Виолетта Богдановна,Протоник,1700-07-01,Chemical_88 Chemical_25 Chemical_95,Суряднова_ВБ,r9mAffFph8
Кажайкина Карина Эдуардовна,Парацетамол,1254-11-19,Chemical_52 Chemical_10 Chemical_70,Кажайкина_КЭ,V8rYKfjJLZ
Рабовский Дмитрий Яковлевич,Витамин С,0924-02-08,Chemical_35 Chemical_80 Chemical_55,Рабовский_ДЯ,Amo9kbFck1
Едамов Аркадий Тимофеевич,Амоксициллин,1567-10-19,Chemical_10 Chemical_40 Chemical_23,Едамов_АТ,5fP344xfCJ
Столбова София Василевна,Атенолол,0940-07-17,Chemical_47 Chemical_34 Chemical_45,Столбова_СВ,ZikiaRv9o7
Смаркин Семён Андреевич,Золаир,1973-12-11,Chemical_66 Chemical_71 Chemical_50,Смаркин_СА,yohm8PyjfE
Колтакова Алиса Максимовна,Иммунивит,1056-07-16,Chemical_52 Chemical_1 Chemical_80,Колтакова_АМ,JU1g25Nkrm
Фимошина Виктория Романовна,Левотироксин,1814-03-23,Chemical_72 Chemical_3 Chemical_59,Фимошина_ВР,3rX7NWZh2C
Крыницкий Владимир Борисович,Омепразол,0959-10-21,Chemical_4 Chemical_20 Chemical_41,Крыницкий_ВБ,lhXjkzuqZr
Косых Жанна Михайловна,Пентоксифиллин,1449-09-05,Chemical_87 Chemical_89 Chemical_72,Косых_ЖМ,HY8CggXqgd
Кваснинов Кирилл Адамович,Ретардин,1267-09-14,Chemical_22 Chemical_11 Chemical_68,Кваснинов_КА,izpLMxwCUf
Чундерова Катерина Никитична,Колчицин,1755-10-02,Chemical_68 Chemical_17 Chemical_74,Чундерова_КН,kjNgJXk6FD
Худаева Виктория Богдановна,Диклофенак,1833-07-23,Chemical_29 Chemical_53 Chemical_96,Худаева_ВБ,Sb52Zu6DVf
Хапилов Герасим Денисович,Пропанолол,1458-04-23,Chemical_10 Chemical_64 Chemical_91,Хапилов_ГД,2GaQlQaugP
Ордянская Елизавета Вадимовна,Енап,1926-02-14,Chemical_5 Chemical_9 Chemical_36,Ордянская_ЕВ,9iZvsyGbfP
Бахматова Вера Борисовна,Гропирон,1575-12-23,Chemical_89 Chemical_82 Chemical_73,Бахматова_ВБ,6kt8nHHPFo
Хатуцкая Галина Романовна,Урсофальк,1518-09-04,Chemical_81 Chemical_50 Chemical_46,Хатуцкая_ГР,l3RBNFpl2q
Левжинская Екатерина Кирилловна,Атенолол,1830-03-09,Chemical_98 Chemical_91 Chemical_74,Левжинская_ЕК,Pv0DWMpAvM
Колбиев Андрей Георгиевич,Миртазапин,1963-09-11,Chemical_91 Chemical_45 Chemical_71,Колбиев_АГ,1urIEnBWH8
Мамсуров Валентин Алексеевич,Урсофальк,1824-07-22,Chemical_73 Chemical_82 Chemical_41,Мамсуров_ВА,dAsO8OGXbf
Нягусева Клара Никитична,Бактрим,1971-09-01,Chemical_46 Chemical_84 Chemical_83,Нягусева_КН,iFByA164OE
Биклинев Никита Фёдорович,Евалар солгар мультивитамини,1124-08-10,Chemical_26 Chemical_95 Chemical_71,Биклинев_НФ,gb45DjxauL
Осоргин Григорий Денисович,Зылорик,1201-05-27,Chemical_63 Chemical_98 Chemical_69,Осоргин_ГД,hC4oG7kEjT
Поводова Вероника Федоровна,Лозартан,1520-08-22,Chemical_3 Chemical_5 Chemical_44,Поводова_ВФ,HKZ271hnzb
Шишанкова Алла Алексеевна,Бензоилпероксид,1115-02-04,Chemical_77 Chemical_66 Chemical_79,Шишанкова_АА,FeRTW409ZK
Скарлыкин Павел Яковлевич,Золедроновая кислота,1037-07-04,Chemical_5 Chemical_93 Chemical_49,Скарлыкин_ПЯ,cE5IORIgEe
Корельцев Валерий Адамович,Валидол,2021-11-07,Chemical_26 Chemical_60 Chemical_42,Корельцев_ВА,93MkaREHT8
Сочинский Владислав Антонович,Пилипен,1773-11-11,Chemical_97 Chemical_8 Chemical_73,Сочинский_ВА,rbo6y9Plq4
Крамина Клара Дмитриевна,Мелатонин,1449-09-06,Chemical_85 Chemical_77 Chemical_17,Крамина_КД,2izwxZsc6X
Мошаева Кира Валерьевна,Глюкозамин,1709-01-08,Chemical_25 Chemical_79 Chemical_11,Мошаева_КВ,nOX0oHAo8k
Ахмадуллин Александр Евгеньевич,Амитриптилин,0960-12-26,Chemical_90 Chemical_77 Chemical_84,Ахмадуллин_АЕ,mpIDObvkMm
Бургов Иван Михаилович,Итрафунгол,1145-09-06,Chemical_26 Chemical_92 Chemical_80,Бургов_ИМ,GA0ho40Eye
Мошевитин Юрий Виталиевич,Линезолид,1181-11-22,Chemical_48 Chemical_97 Chemical_5,Мошевитин_ЮВ,P2wjJYYftk
Макарова София Ивановна,Левофлоксацин,1331-02-21,Chemical_69 Chemical_61 Chemical_62,Макарова_СИ,dtizTNma3S
Ганчева Кира Олеговна,Зылорик,1288-08-10,Chemical_39 Chemical_83 Chemical_73,Ганчева_КО,puHGE7WB08
Алятин Эдуард Романович,Кладрибин,1409-03-13,Chemical_51 Chemical_70 Chemical_29,Алятин_ЭР,7He0gjTjGI
Глинкин Владимир Викторович,Пентоксифиллин,1637-09-23,Chemical_11 Chemical_18 Chemical_63,Глинкин_ВВ,B7t6WP5nwT
Строгалев Леонид Вадимович,Пропанолол,1530-12-11,Chemical_31 Chemical_96 Chemical_91,Строгалев_ЛВ,W6uJjE93l6
Гирина Ева Никитична,Живина,1850-01-12,Chemical_94 Chemical_8 Chemical_86,Гирина_ЕН,KfO3lWZ0GF
Нецкина Елизавета Василевна,Вальтрекс,0901-02-23,Chemical_27 Chemical_12 Chemical_63,Нецкина_ЕВ,TBzg2nAQNt
Тахтауров Эдуард Данилович,Норматен,1717-01-20,Chemical_92 Chemical_81 Chemical_32,Тахтауров_ЭД,eo8s38Xpsw
Новеньких Валерий Борисович,Азитромицин,1107-06-25,Chemical_98 Chemical_81 Chemical_70,Новеньких_ВБ,JfKC2qie7E
Веденисов Василий Юриевич,Бетаметазон,1760-03-11,Chemical_1 Chemical_79 Chemical_23,Веденисов_ВЮ,Xpest4PGOZ
Назарбаев Геннадий Вадимович,Ёжик,1739-07-09,Chemical_68 Chemical_66 Chemical_31,Назарбаев_ГВ,X1frvORNRH
Верескина Ольга Сергеевна,Рибавирин,1439-04-28,Chemical_2 Chemical_38 Chemical_70,Верескина_ОС,9br7vj5SwD
Мойкина Инна Василевна,Рибавирин,1790-07-15,Chemical_53 Chemical_73 Chemical_83,Мойкина_ИВ,ZyfBPk1goL
Каледенков Вячеслав Денисович,Миртазапин,1901-05-08,Chemical_25 Chemical_60 Chemical_37,Каледенков_ВД,t0uP5konQ5
Нечахин Альберт Николаевич,Азитромицин,1254-03-20,Chemical_16 Chemical_15 Chemical_70,Нечахин_АН,btL6Usr2jm
Томасов Владислав Максимович,Женьшень,1162-07-26,Chemical_69 Chemical_54 Chemical_57,Томасов_ВМ,a76HjuOWGo
Плетцова Виолетта Богдановна,Дикарбазин,0999-04-28,Chemical_52 Chemical_83 Chemical_21,Плетцова_ВБ,N34GyNV4zO
Гаврилкин Вадим Василиевич,Уоллтапс,1135-11-22,Chemical_91 Chemical_96 Chemical_8,Гаврилкин_ВВ,sPL4suyrvb
Милетина Александра Аркадьевна,Амитриптилин,1422-01-28,Chemical_61 Chemical_42 Chemical_31,Милетина_АА,WWQenVLpFC
Добранчева Зинаида Михайловна,Оксикодон,1518-01-22,Chemical_61 Chemical_77 Chemical_95,Добранчева_ЗМ,sxANnbU47R
Зиганова Зинаида Кирилловна,Ранитидин,1018-11-14,Chemical_79 Chemical_78 Chemical_77,Зиганова_ЗК,7QEzrxuoP9
Упорников Михаил Евгеньевич,Ибупрофен,1592-06-21,Chemical_77 Chemical_96 Chemical_19,Упорников_МЕ,edo05GBaQF
Веснянкина Марина Эдуардовна,Вальтрекс,0928-09-27,Chemical_38 Chemical_79 Chemical_54,Веснянкина_МЭ,iY5g4Go1Pz
Снитникова Маргарита Богдановна,Итрафунгол,1844-10-11,Chemical_13 Chemical_50 Chemical_12,Снитникова_МБ,6b3zBglRii
Закакуев Максим Фёдорович,Нимулид,1236-09-19,Chemical_64 Chemical_51 Chemical_51,Закакуев_МФ,nMRq641rrG
Помадкова Тамара Егоровна,Оланзапин,1213-01-09,Chemical_33 Chemical_8 Chemical_80,Помадкова_ТЕ,OK2RcYjdxO
Чубанова Алёна Романовна,Мелоксикам,1072-11-13,Chemical_76 Chemical_38 Chemical_23,Чубанова_АР,uL3DOnSDAP
Реутский Федор Юриевич,Бромгексин,1584-03-18,Chemical_79 Chemical_7 Chemical_92,Реутский_ФЮ,4bryecdlRp
Пурювкин Руслан Георгиевич,Пентоксифиллин,1688-01-23,Chemical_3 Chemical_19 Chemical_37,Пурювкин_РГ,Bw0Gh1udI5
Помазенцев Яков Тимофеевич,Сетирозин,1941-02-23,Chemical_81 Chemical_34 Chemical_65,Помазенцев_ЯТ,F05BUGOxrz
Девушкина Жанна Андреевна,Золедроновая кислота,1379-11-10,Chemical_23 Chemical_51 Chemical_9,Девушкина_ЖА,tXxNcCVA9t
Яшункина Дарья Сергеевна,Женьшень,1669-10-15,Chemical_30 Chemical_22 Chemical_91,Яшункина_ДС,ZLrFlBFuOi
Шалапугина Юлия Дмитриевна,Дуодарт,1109-04-27,Chemical_3 Chemical_17 Chemical_20,Шалапугина_ЮД,iUO8Mg1LMb
Пепинова Ева Ивановна,Ацетилсалициловая кислота,0963-02-26,Chemical_5 Chemical_62 Chemical_58,Пепинова_ЕИ,pPNWPOypgc
Юделева Валентина Игоревна,Бромгексин,1328-10-18,Chemical_52 Chemical_65 Chemical_73,Юделева_ВИ,IV1C7YT4G4
Монастыров Иван Юриевич,Ибупрофен,1241-12-25,Chemical_30 Chemical_52 Chemical_21,Монастыров_ИЮ,X3EEkGSYgf
Досадина Зинаида Игоревна,Росувастатин,2005-09-16,Chemical_4 Chemical_30 Chemical_45,Досадина_ЗИ,VwNqiC0hYz
Заяшникова Оксана Борисовна,Диклофенак,1869-08-12,Chemical_96 Chemical_73 Chemical_84,Заяшникова_ОБ,7t44nIGGPu
Непогодина Людмила Петровна,Витамин С,0900-02-24,Chemical_80 Chemical_34 Chemical_87,Непогодина_ЛП,xQHI30Orz5
Бежджонов Антон Евгеньевич,Амитриптилин,1528-09-28,Chemical_37 Chemical_70 Chemical_13,Бежджонов_АЕ,dPZup7wZhX
Могеев Станислав Алексиевич,Агонал,1106-11-23,Chemical_34 Chemical_87 Chemical_23,Могеев_СА,buhWYNqO6E
Нарымова Дарья Валерьевна,Жасмин,1343-05-05,Chemical_68 Chemical_55 Chemical_6,Нарымова_ДВ,Anuhhfm2c6
Справников Игорь Адамович,Дуодарт,1091-06-24,Chemical_11 Chemical_85 Chemical_63,Справников_ИА,mrSGs3Z39m
Кормщиков Евгений Юриевич,Левофлоксацин,1911-06-28,Chemical_57 Chemical_29 Chemical_63,Кормщиков_ЕЮ,X13aa8lLgN
Букатов Дмитрий Алексиевич,Бисакодил,1643-09-23,Chemical_53 Chemical_30 Chemical_58,Букатов_ДА,UfCvr66NvR
Абримов Павел Олегович,Амоксициллин,0938-12-20,Chemical_88 Chemical_13 Chemical_39,Абримов_ПО,w2ySlsSaJb
Падолкина Надежда Ивановна,Ингавирин,1792-05-08,Chemical_80 Chemical_13 Chemical_85,Падолкина_НИ,dP3F9yo39n
Кавардин Вячеслав Тимофеевич,Аллопуринол,1388-04-06,Chemical_7 Chemical_55 Chemical_33,Кавардин_ВТ,cYXBuCWUfl
Кожаурова Жанна Ивановна,Левофлоксацин,1311-10-06,Chemical_10 Chemical_5 Chemical_41,Кожаурова_ЖИ,0OkVddexfp
Балакин Пётр Антонович,Спазмалгон,1326-09-12,Chemical_42 Chemical_30 Chemical_68,Балакин_ПА,ifC3M1ZYe4
Киржаков Геннадий Максимович,Золедроновая кислота,1478-03-20,Chemical_51 Chemical_8 Chemical_26,Киржаков_ГМ,2H2y8tyBg7
Давличаров Павел Игоревич,Бензоилпероксид,1184-02-17,Chemical_32 Chemical_73 Chemical_98,Давличаров_ПИ,TyDRNXLUOv
Камашкин Артём Вадимович,Итрафунгол,1114-02-27,Chemical_98 Chemical_32 Chemical_16,Камашкин_АВ,oWkNsr7sWw
Постатская Полина Алексеевна,Бензоилпероксид,0972-06-28,Chemical_12 Chemical_76 Chemical_81,Постатская_ПА,0syzAzZu3L
Максимцев Станислав Николаевич,Зинорам,1045-01-13,Chemical_78 Chemical_13 Chemical_54,Максимцев_СН,e1fnN0Ah0x
Петюшина Светлана Эдуардовна,Агонал,1506-10-21,Chemical_38 Chemical_53 Chemical_58,Петюшина_СЭ,Xj3RdfDw4J
Петрина Наталья Аркадьевна,Лозартан,1648-04-28,Chemical_3 Chemical_70 Chemical_35,Петрина_НА,FVXbOzNEYu
Крутцов Станислав Юриевич,Росувастатин,1256-01-26,Chemical_8 Chemical_39 Chemical_82,Крутцов_СЮ,6wsDvI9ifa
Ананчева Вероника Ивановна,Гидрохлоротиазид,1060-03-03,Chemical_98 Chemical_57 Chemical_56,Ананчева_ВИ,Q7JAEVrlim
Цыцарцев Валерий Василиевич,Нитросорбид,1063-08-08,Chemical_21 Chemical_60 Chemical_8,Цыцарцев_ВВ,vlA5hYsdYX
Зазнобкина Ирина Богдановна,Золаир,1917-10-07,Chemical_58 Chemical_65 Chemical_98,Зазнобкина_ИБ,qf7dq8eEx7
Обризова Алена Олеговна,Антациды,1712-06-24,Chemical_58 Chemical_35 Chemical_10,Обризова_АО,1W6U1NOFuR
Салянкин Владислав Фёдорович,Небиволол,1420-07-13,Chemical_51 Chemical_84 Chemical_32,Салянкин_ВФ,DC8qd7Kiy3
Чернедова Алиса Аркадьевна,Оланзапин,1869-08-16,Chemical_21 Chemical_17 Chemical_57,Чернедова_АА,4mkdgxL2op
Токарев Руслан Алексеевич,Виагра,1591-05-12,Chemical_90 Chemical_13 Chemical_52,Токарев_РА,MABx1ZiBM9
Миридинов Денис Денисович,Зылорик,1166-03-13,Chemical_17 Chemical_42 Chemical_97,Миридинов_ДД,7Q4LDl8Bpz
Копелькина Елизавета Алексеевна,Агонал,1181-05-22,Chemical_4 Chemical_58 Chemical_52,Копелькина_ЕА,XHU8KXGIAE
Будяков Михаил Петрович,Женьшень,1989-11-10,Chemical_24 Chemical_17 Chemical_83,Будяков_МП,EYjiYVqkZA
Мавлекиева Дарья Валерьевна,Зинорам,1766-05-02,Chemical_15 Chemical_8 Chemical_59,Мавлекиева_ДВ,W0TtFyCaD7
Бальнова Светлана Богдановна,Венолайфт,1392-08-15,Chemical_27 Chemical_76 Chemical_28,Бальнова_СБ,UxfMjSQu3H
Муруев Никита Николаевич,Спазмалгон,1497-04-10,Chemical_81 Chemical_85 Chemical_82,Муруев_НН,zu95X8fY4v
Танкуйлин Аркадий Кириллович,Железа препараты,0939-06-15,Chemical_58 Chemical_95 Chemical_70,Танкуйлин_АК,ePDJu5A3fu
Леплинский Владислав Юриевич,Кетопрофен,1907-02-06,Chemical_63 Chemical_97 Chemical_69,Леплинский_ВЮ,tuayVxaY5J
Жегланова Алёна Ивановна,Колчицин,1726-04-28,Chemical_51 Chemical_50 Chemical_64,Жегланова_АИ,Gk1ibtKrV6
Шелдукова Алина Викторовна,Метформин,1908-06-19,Chemical_28 Chemical_22 Chemical_60,Шелдукова_АВ,zZR8ocCYx1
Рапиева Зинаида Никитична,Бетаин,1376-12-13,Chemical_48 Chemical_5 Chemical_53,Рапиева_ЗН,dNcs52nCLg
Гермогенов Иван Тимофеевич,Амоксиклав,1936-10-10,Chemical_97 Chemical_22 Chemical_38,Гермогенов_ИТ,zjmbO7UJa6
Холсин Константин Сергеевич,Кетопрофен,1148-04-05,Chemical_32 Chemical_86 Chemical_37,Холсин_КС,ZAGaxAbXF6
Вакунов Александр Викторович,Метопролол,0914-04-03,Chemical_58 Chemical_2 Chemical_87,Вакунов_АВ,FWwyUtTsNy
Подласова Вера Андреевна,Рибавирин,1034-12-01,Chemical_80 Chemical_33 Chemical_46,Подласова_ВА,WJMvvsMN6f
Городцов Игорь Валериевич,Симвастатин,1468-06-03,Chemical_45 Chemical_49 Chemical_18,Городцов_ИВ,NpZqVKpM43
Алексакова Карина Дмитриевна,Амоксиклав,1996-06-15,Chemical_18 Chemical_4 Chemical_48,Алексакова_КД,buA08vWaWF
Эссина Полина Ивановна,Мелатонин,1429-08-25,Chemical_20 Chemical_44 Chemical_84,Эссина_ПИ,I1X6spMKb4
Юртайкина Зинаида Ивановна,Уоллтапс,1107-09-26,Chemical_14 Chemical_47 Chemical_64,Юртайкина_ЗИ,CWnBvQ5iIF
Варваркина Софья Максимовна,Метопролол,1946-05-17,Chemical_64 Chemical_45 Chemical_83,Варваркина_СМ,udq08TESX2
Зябкина Валерия Михайловна,Бетаин,1801-03-24,Chemical_21 Chemical_90 Chemical_87,Зябкина_ВМ,ZLAG8dV4M5
Шерекина Екатерина Николаевна,Симвастатин,1005-05-02,Chemical_44 Chemical_1 Chemical_79,Шерекина_ЕН,s3gSC9lL3B
Халипский Евгений Алексеевич,Пилипен,1068-05-23,Chemical_62 Chemical_13 Chemical_92,Халипский_ЕА,2rib7bKpil
Голбина Галина Егоровна,Лоразепам,1321-06-08,Chemical_43 Chemical_89 Chemical_2,Голбина_ГЕ,D3lxISjOQe
Кузубов Роман Кириллович,Триптаны,1167-06-06,Chemical_36 Chemical_64 Chemical_98,Кузубов_РК,idnWT4kHtl
Эзенкина Ксения Ивановна,Ретардин,1599-01-21,Chemical_90 Chemical_92 Chemical_67,Эзенкина_КИ,chAoJmmqeW
Киричуков Никита Игоревич,Бетаин,1498-08-25,Chemical_97 Chemical_15 Chemical_53,Киричуков_НИ,PFyIMucBv8
Агафеева Тамара Олеговна,Клопидогрел,0932-08-16,Chemical_17 Chemical_72 Chemical_22,Агафеева_ТО,HXaICSOEnx
Ханевичев Геннадий Викторович,Ингавирин,1445-06-15,Chemical_100 Chemical_88 Chemical_31,Ханевичев_ГВ,Qv04Z5nWOS
Мицина Светлана Кирилловна,Норматен,1032-04-04,Chemical_44 Chemical_16 Chemical_60,Мицина_СК,77cBsM2moZ
Атарщиков Артём Викторович,Валидол,0935-09-01,Chemical_48 Chemical_25 Chemical_54,Атарщиков_АВ,2SYT7xU2Re
Эйдикова Ирина Егоровна,Ранитидин,1304-10-20,Chemical_22 Chemical_48 Chemical_13,Эйдикова_ИЕ,Jk7XRst45C
Каплина Валентина Романовна,Алпразолам,1380-12-06,Chemical_73 Chemical_48 Chemical_15,Каплина_ВР,0b8aCofY1N
Осицимский Алексей Юриевич,Норматен,1026-12-09,Chemical_81 Chemical_80 Chemical_35,Осицимский_АЮ,ePqXAxmo7p
Плантова Катерина Николаевна,Урсофальк,1849-12-27,Chemical_19 Chemical_60 Chemical_28,Плантова_КН,aTV9XeKJdS
Селемнева Мария Вадимовна,Омепразол,1776-10-08,Chemical_67 Chemical_94 Chemical_77,Селемнева_МВ,HXRMeKilkU
Сымчева Зинаида Богдановна,Бисакодил,1765-06-26,Chemical_53 Chemical_58 Chemical_28,Сымчева_ЗБ,9yPN84vU11
Стретова Раиса Яковлевна,Дикарбазин,1694-05-06,Chemical_82 Chemical_95 Chemical_53,Стретова_РЯ,MJtEkw4my3
Царитова Галина Олеговна,Омега-3 кислоты,1962-05-03,Chemical_97 Chemical_61 Chemical_81,Царитова_ГО,FFYp9OXOTu
Дрыкина Кристина Василевна,Метопролол,1152-05-06,Chemical_79 Chemical_60 Chemical_18,Дрыкина_КВ,4v75lUM4sN
Спорягина Анна Кирилловна,Антациды,2009-03-04,Chemical_16 Chemical_19 Chemical_14,Спорягина_АК,coM18MEdUI
Цепикин Константин Евгеньевич,Виалар,1502-09-18,Chemical_1 Chemical_36 Chemical_54,Цепикин_КЕ,76thlzj9yW
Кордашин Пётр Данилович,Ингавирин,1598-01-05,Chemical_31 Chemical_65 Chemical_25,Кордашин_ПД,7yvB0ZTV8x
Байдильдин Станислав Вадимович,Гропирон,1224-02-12,Chemical_17 Chemical_6 Chemical_88,Байдильдин_СВ,fqzyGYzmEn
Ябковская Елена Яковлевна,Антациды,1504-12-24,Chemical_52 Chemical_27 Chemical_29,Ябковская_ЕЯ,B6eBcUEzk7
Ионкин Владимир Иванович,Ретардин,1164-04-22,Chemical_71 Chemical_3 Chemical_11,Ионкин_ВИ,hm8uKaXr9c
Пониматкин Артём Яковлевич,Бромгексин,0963-10-18,Chemical_11 Chemical_1 Chemical_69,Пониматкин_АЯ,Pry5sL4PtK
Охочинская Жанна Валерьевна,Триптаны,1643-10-17,Chemical_91 Chemical_3 Chemical_32,Охочинская_ЖВ,nh8EGrBLyQ
Размыкова Алина Кирилловна,Тианептин,1045-06-04,Chemical_86 Chemical_37 Chemical_69,Размыкова_АК,r5W6mL9fpE
Аврамов Руслан Алексиевич,Кандесартан,1308-02-21,Chemical_61 Chemical_97 Chemical_31,Аврамов_РА,1lvPCSqhLJ
Семовских Лиза Викторовна,Пропанолол,1256-04-10,Chemical_75 Chemical_31 Chemical_8,Семовских_ЛВ,DARZeako3g
Абалмазов Валентин Петрович,Пропанолол,2020-05-02,Chemical_4 Chemical_90 Chemical_93,Абалмазов_ВП,9cbNL3HDKJ
Аскаров Илья Кириллович,Ниссан,1851-02-04,Chemical_100 Chemical_39 Chemical_76,Аскаров_ИК,JmLrXmpvP1
Свирстина Жанна Богдановна,Допамин,1523-04-21,Chemical_89 Chemical_40 Chemical_27,Свирстина_ЖБ,1X1uxbnZyO
Копытенков Олег Денисович,Золекс,1373-11-03,Chemical_25 Chemical_35 Chemical_39,Копытенков_ОД,PFoJrKphxv
Аполонин Максим Михаилович,Лоразепам,1519-07-06,Chemical_83 Chemical_62 Chemical_76,Аполонин_ММ,80JGuODOBy
Добрышкин Аркадий Валериевич,Золаир,1300-11-25,Chemical_32 Chemical_43 Chemical_27,Добрышкин_АВ,VM6X50s0JN
Хромачев Валентин Василиевич,Диклофенак,1682-02-07,Chemical_58 Chemical_12 Chemical_64,Хромачев_ВВ,ie4OUDAa8K
Панчекин Виталий Аркадиевич,Тикалиптин,1896-12-08,Chemical_33 Chemical_22 Chemical_94,Панчекин_ВА,Ovwtum7lWO
Саслина Тамара Максимовна,Венолайфт,1666-10-08,Chemical_99 Chemical_22 Chemical_31,Саслина_ТМ,Bd9jYzxjWw
Буглина Инна Михайловна,Ацетилсалициловая кислота,1278-10-17,Chemical_66 Chemical_100 Chemical_62,Буглина_ИМ,9LZLj1oyqo
Якутенкова Жанна Валерьевна,Сертралин,1988-08-19,Chemical_64 Chemical_69 Chemical_10,Якутенкова_ЖВ,j6LxRUmPnB
Сафошин Георгий Василиевич,Колчицин,1367-03-17,Chemical_9 Chemical_17 Chemical_28,Сафошин_ГВ,mRIlwsqFN0
Каяцкая Ольга Борисовна,Индометацин,1440-10-12,Chemical_21 Chemical_60 Chemical_21,Каяцкая_ОБ,LaTK12LcMq
Карапозов Константин Василиевич,Левотироксин,1918-06-07,Chemical_55 Chemical_29 Chemical_4,Карапозов_КВ,V06NqBR4wc
Рустямова Алина Василевна,Итрафунгол,1575-05-07,Chemical_80 Chemical_30 Chemical_57,Рустямова_АВ,m0CcRCDyEA
Жерденков Илья Денисович,Колчицин,1401-09-15,Chemical_95 Chemical_49 Chemical_85,Жерденков_ИД,BFC1wYDURG
Донышева Людмила Кирилловна,Золаир,1972-06-26,Chemical_19 Chemical_69 Chemical_82,Донышева_ЛК,ISqlAPy8oF
Цыбышев Николай Антонович,Бромгексин,1724-08-07,Chemical_36 Chemical_40 Chemical_36,Цыбышев_НА,64DjmJuf9P
Севастокин Виктор Романович,Мидокалм,1279-04-15,Chemical_2 Chemical_64 Chemical_2,Севастокин_ВР,ViOqS74aYA
Баранихина Алла Евгеньевна,Иммунивит,1629-02-22,Chemical_81 Chemical_100 Chemical_80,Баранихина_АЕ,RW98DgGIfu
Тараборина Марина Андреевна,Тианептин,1664-10-19,Chemical_63 Chemical_54 Chemical_70,Тараборина_МА,JiTjoVldMB
Шкутин Юрий Алексиевич,Рибавирин,1088-02-23,Chemical_49 Chemical_67 Chemical_24,Шкутин_ЮА,cCFETg2Evq
Пушменкова Наталья Богдановна,Сетирозин,1622-10-23,Chemical_68 Chemical_71 Chemical_90,Пушменкова_НБ,3jvCeJpGuP
Малшенков Дмитрий Кириллович,Женьшень,1378-06-10,Chemical_17 Chemical_6 Chemical_59,Малшенков_ДК,vXIgEM1IpN
Валкин Денис Олегович,Парацетамол,1129-04-09,Chemical_93 Chemical_33 Chemical_39,Валкин_ДО,SbvkAekNZN
Граннина Алиса Андреевна,Ранитидин,1329-04-25,Chemical_21 Chemical_89 Chemical_59,Граннина_АА,OUFuORZxkX
Перемитина Алиса Борисовна,Амлодипин,1475-10-20,Chemical_30 Chemical_16 Chemical_65,Перемитина_АБ,DDSnfQBjkX
Масленцова Алина Вадимовна,Левофлоксацин,1367-11-21,Chemical_15 Chemical_43 Chemical_83,Масленцова_АВ,XrExi72nXe
Шалчков Денис Викторович,Рамиприл,1706-06-08,Chemical_58 Chemical_70 Chemical_1,Шалчков_ДВ,s3CtxU7GQj
Проселкова Зинаида Максимовна,Рибавирин,1032-10-19,Chemical_46 Chemical_99 Chemical_73,Проселкова_ЗМ,AOE4mda0xq
Большанин Павел Андреевич,Кетопрофен,1526-06-17,Chemical_60 Chemical_53 Chemical_35,Большанин_ПА,uKmHTJgVFx
Капцева Юлия Федоровна,Виалар,1902-07-26,Chemical_17 Chemical_89 Chemical_14,Капцева_ЮФ,4V7ctBMCu2
Тюшагин Аркадий Борисович,Уоллтапс,1530-08-11,Chemical_79 Chemical_55 Chemical_23,Тюшагин_АБ,EVFHanEwAk
Сусленков Игорь Денисович,Мезим,1214-05-15,Chemical_95 Chemical_79 Chemical_44,Сусленков_ИД,IKwLqoVY8E
Печуркина Жанна Борисовна,Виагра,1950-09-19,Chemical_40 Chemical_38 Chemical_48,Печуркина_ЖБ,hyHHaqhoO0
Крахоткина Софья Олеговна,Амлодипин,1381-04-02,Chemical_14 Chemical_7 Chemical_65,Крахоткина_СО,uz9PKhsWCY
Огулова Виктория Борисовна,Глюкозамин,1779-08-09,Chemical_79 Chemical_14 Chemical_40,Огулова_ВБ,OGYNJrGkZW
Евиланова Раиса Федоровна,Габапентин,1823-07-15,Chemical_80 Chemical_75 Chemical_21,Евиланова_РФ,EVX1s0CGX4
Крудакова Оксана Яковлевна,Ксарелто,1609-08-10,Chemical_88 Chemical_28 Chemical_59,Крудакова_ОЯ,RECWuaJ3Yn
Осконов Роман Андреевич,Амоксиклав,1957-06-01,Chemical_6 Chemical_45 Chemical_30,Осконов_РА,ajWrgdfjwK
Находнов Пётр Михаилович,Евалар солгар мультивитамини,1315-02-12,Chemical_1 Chemical_62 Chemical_1,Находнов_ПМ,eEQ2OCD55t
Дрычкова Кира Эдуардовна,Гропирон,1463-09-20,Chemical_100 Chemical_6 Chemical_72,Дрычкова_КЭ,ucZ7Iwdh6c
Полатов Павел Алексеевич,Рамиприл,1792-07-25,Chemical_51 Chemical_6 Chemical_61,Полатов_ПА,77itCjGd0d
Бострикова Софья Романовна,Оланзапин,1080-12-09,Chemical_94 Chemical_40 Chemical_35,Бострикова_СР,XtyqJjlnTw
Джоев Вадим Юриевич,Норматен,1896-08-19,Chemical_58 Chemical_85 Chemical_95,Джоев_ВЮ,qP7mBnl660
Актанаев Игорь Валериевич,Бисопролол,0992-01-04,Chemical_2 Chemical_11 Chemical_72,Актанаев_ИВ,qIbCu5w5ol
Чужакова Мария Дмитриевна,Метформин,1878-03-01,Chemical_20 Chemical_6 Chemical_8,Чужакова_МД,My16sYbZ52
Гиричева Полина Борисовна,Метопролол,1599-09-03,Chemical_9 Chemical_62 Chemical_84,Гиричева_ПБ,zxJ4TVmy3k
Гродобоев Константин Михаилович,Оксикодон,2021-07-28,Chemical_64 Chemical_33 Chemical_76,Гродобоев_КМ,C679YRxTV3
Сапетина Марина Дмитриевна,Спазмалгон,1814-12-23,Chemical_39 Chemical_84 Chemical_74,Сапетина_МД,GdKxORVSiz
Писеева Катерина Богдановна,Амоксиклав,1090-11-18,Chemical_18 Chemical_16 Chemical_47,Писеева_КБ,4lIlFiC3s6
Загладин Илья Тимофеевич,Уоллтапс,1441-04-08,Chemical_8 Chemical_75 Chemical_97,Загладин_ИТ,JTC615e6dv
Гридаева Елена Олеговна,Кандесартан,1568-03-06,Chemical_39 Chemical_9 Chemical_45,Гридаева_ЕО,ChMrfA6fiB
Чармосова Наталия Алексеевна,Сетирозин,1847-05-17,Chemical_88 Chemical_84 Chemical_5,Чармосова_НА,7hrmPlBz0h
Бешкуров Вячеслав Данилович,Амлодипин,1456-11-04,Chemical_60 Chemical_59 Chemical_39,Бешкуров_ВД,4JyFL1l3S4
Голубкова Ирина Игоревна,Аллопуринол,0983-02-03,Chemical_17 Chemical_4 Chemical_91,Голубкова_ИИ,DFGsReBoo2
Атрохин Павел Юрьевич,Диклофенак,1584-04-11,Chemical_94 Chemical_41 Chemical_3,Атрохин_ПЮ,1nKExkWfiF
Бригина Надежда Федоровна,Ретардин,0908-05-02,Chemical_92 Chemical_37 Chemical_19,Бригина_НФ,NKrSbLw7Jn
Сернецкая Людмила Валерьевна,Бромгексин,1691-01-16,Chemical_40 Chemical_90 Chemical_12,Сернецкая_ЛВ,siMUaguR11
Лутфиева Алина Викторовна,Преднизолон,1239-11-01,Chemical_32 Chemical_68 Chemical_74,Лутфиева_АВ,RvIwEaWsLQ
Листиков Валентин Михаилович,Виалар,1748-12-27,Chemical_86 Chemical_61 Chemical_8,Листиков_ВМ,TMF5PcqtIv
Чилых Виктория Вадимовна,Бисакодил,1585-08-09,Chemical_67 Chemical_26 Chemical_43,Чилых_ВВ,iKsYYUwqRV
Химунин Валерий Данилович,Ингавирин,1603-02-02,Chemical_26 Chemical_26 Chemical_65,Химунин_ВД,K8MsD2uoZe
Баршикова Оксана Валерьевна,Сетирозин,1412-05-23,Chemical_85 Chemical_2 Chemical_77,Баршикова_ОВ,FWsb2NrdlF
Ушмодина Людмила Михайловна,Мидокалм,1376-02-03,Chemical_60 Chemical_57 Chemical_23,Ушмодина_ЛМ,i3vMPWZmUz
Сайдышева Софья Никитична,Глюкозамин,1890-06-02,Chemical_45 Chemical_8 Chemical_49,Сайдышева_СН,LqUwFXzDvU
Тащенков Дмитрий Денисович,Триптаны,1059-08-28,Chemical_84 Chemical_14 Chemical_9,Тащенков_ДД,1tD9Qq5rhL
Сафалова Зинаида Николаевна,Миртазапин,1662-05-17,Chemical_73 Chemical_98 Chemical_51,Сафалова_ЗН,RGuYT8RWs3
Хажкасимов Борис Алексиевич,Живина,1032-08-14,Chemical_54 Chemical_85 Chemical_12,Хажкасимов_БА,WwGP2O2lmL
Куконова Алена Михайловна,Небиволол,1481-10-26,Chemical_74 Chemical_21 Chemical_38,Куконова_АМ,3blsG2snh2
Борменкова Дарья Василевна,Левотироксин,1643-01-13,Chemical_74 Chemical_17 Chemical_76,Борменкова_ДВ,9xsh8uaAQp
Веденякин Аркадий Иванович,Спазмалгон,1938-09-24,Chemical_93 Chemical_95 Chemical_18,Веденякин_АИ,CWFelYNDnq
Абубекаров Олег Юриевич,Сертралин,1811-03-08,Chemical_63 Chemical_17 Chemical_13,Абубекаров_ОЮ,Ep9ztR8HZg
Лементуев Никита Фёдорович,Пилипен,2012-08-01,Chemical_22 Chemical_31 Chemical_48,Лементуев_НФ,Zj0nk5VVzO
Кашелев Борис Данилович,Метформин,1023-04-07,Chemical_97 Chemical_58 Chemical_29,Кашелев_БД,sdD4KYVjjn
Жилнина Алла Федоровна,Мелатонин,1851-12-10,Chemical_2 Chemical_75 Chemical_77,Жилнина_АФ,2hN8CvC3uD
Тряпкин Михаил Денисович,Евалар солгар мультивитамини,1550-02-12,Chemical_65 Chemical_11 Chemical_15,Тряпкин_МД,Wntvr9MLuv
Челочева София Олеговна,Нитросорбид,1780-12-07,Chemical_11 Chemical_48 Chemical_12,Челочева_СО,V5ywgxmcos
Бульдыгина Кира Михайловна,Рибавирин,1057-06-18,Chemical_57 Chemical_21 Chemical_81,Бульдыгина_КМ,04vjGELAcY
Крумина Елизавета Михайловна,Итрафунгол,1612-01-02,Chemical_10 Chemical_73 Chemical_83,Крумина_ЕМ,NHrg6P83yg
Астрактова Жанна Эдуардовна,Дектанол,1588-06-12,Chemical_89 Chemical_84 Chemical_42,Астрактова_ЖЭ,YhB51T4GBl
Дугарский Александр Алексеевич,Спазмалгон,1026-06-26,Chemical_62 Chemical_71 Chemical_5,Дугарский_АА,ePV7otA3yh
Яловкина Елизавета Игоревна,Тикалиптин,1278-05-05,Chemical_23 Chemical_34 Chemical_81,Яловкина_ЕИ,rBnWtjUwAq
Рукавичкин Григорий Петрович,Бромгексин,1247-10-09,Chemical_15 Chemical_40 Chemical_5,Рукавичкин_ГП,LggcAl2TrV
Рубейкин Вячеслав Петрович,Метформин,0949-11-22,Chemical_15 Chemical_58 Chemical_1,Рубейкин_ВП,MrZqkYOr6g
Черкина Катерина Егоровна,Левофлоксацин,1299-10-11,Chemical_18 Chemical_51 Chemical_58,Черкина_КЕ,zIjHM7uAnF
Приданов Вадим Игоревич,Амоксициллин,1511-05-20,Chemical_43 Chemical_88 Chemical_96,Приданов_ВИ,VMqzB96e09
Шехоболова Светлана Никитична,Железа препараты,1245-05-18,Chemical_45 Chemical_29 Chemical_5,Шехоболова_СН,DzUUR41A7d
Навотнева Лиза Богдановна,Кладрибин,1645-05-17,Chemical_82 Chemical_43 Chemical_98,Навотнева_ЛБ,FwkMKvnIzh
Балькина Анна Игоревна,Золекс,1744-10-09,Chemical_33 Chemical_16 Chemical_77,Балькина_АИ,FwWlMG2nur
Пудонин Виталий Данилович,Енап,0958-06-13,Chemical_4 Chemical_4 Chemical_92,Пудонин_ВД,pYKpKWNPHi
Самрова Елизавета Евгеньевна,Сертралин,0992-02-25,Chemical_78 Chemical_50 Chemical_12,Самрова_ЕЕ,BelDEUa5h5
Близнюкова Ирина Эдуардовна,Метформин,1034-08-26,Chemical_51 Chemical_60 Chemical_94,Близнюкова_ИЭ,9HGxu3hOsy
Мышлин Альберт Иванович,Амоксиклав,1497-03-02,Chemical_100 Chemical_2 Chemical_83,Мышлин_АИ,GAaNg5IbZA
Столинская Дарья Викторовна,Алпразолам,1743-11-06,Chemical_75 Chemical_70 Chemical_49,Столинская_ДВ,r4sIn0FieB
Горбецкий Альберт Павлович,Ёжик,0968-10-24,Chemical_79 Chemical_33 Chemical_90,Горбецкий_АП,cL6O4xQ70v
Личутина Екатерина Богдановна,Женьшень,1042-06-18,Chemical_39 Chemical_62 Chemical_89,Личутина_ЕБ,5xWkFtaLlp
Двизов Ярослав Данилович,Амоксиклав,1339-01-01,Chemical_13 Chemical_46 Chemical_26,Двизов_ЯД,Q2navjwxbA
Шишулина Анастасия Дмитриевна,Мелоксикам,2001-07-13,Chemical_41 Chemical_68 Chemical_71,Шишулина_АД,dCDtOWvsRB
Андрюшина Дарья Кирилловна,Кладрибин,1293-10-04,Chemical_92 Chemical_54 Chemical_82,Андрюшина_ДК,v516eViIPT
Оршин Антон Аркадиевич,Амитриптилин,1529-08-08,Chemical_91 Chemical_3 Chemical_39,Оршин_АА,02VgCxVY4O
Шляпников Иван Максимович,Оксикодон,1128-07-09,Chemical_61 Chemical_27 Chemical_97,Шляпников_ИМ,Fym8vUs8nG
Самарков Вадим Андреевич,Железа препараты,0956-08-14,Chemical_42 Chemical_30 Chemical_66,Самарков_ВА,oCxxMP6mmO
Колужина Виктория Богдановна,Виагра,1683-10-21,Chemical_7 Chemical_14 Chemical_66,Колужина_ВБ,sNFG8R4l7F
Баласанов Георгий Данилович,Бетаметазон,1843-03-13,Chemical_45 Chemical_89 Chemical_70,Баласанов_ГД,pgXTbZd06G
Самолюбов Герасим Вадимович,Бактрим,1297-09-04,Chemical_44 Chemical_21 Chemical_5,Самолюбов_ГВ,O3FshjidNB
Любиров Тарас Яковлевич,Бетаин,1848-08-18,Chemical_81 Chemical_15 Chemical_67,Любиров_ТЯ,OTd2l4OrIA
Кочеляева Александра Игоревна,Лоразепам,0989-06-20,Chemical_89 Chemical_40 Chemical_79,Кочеляева_АИ,vte5Xwse82
Плантюрина Алёна Аркадьевна,Индометацин,1915-06-14,Chemical_64 Chemical_99 Chemical_46,Плантюрина_АА,Mk9cenGAXZ
Мамаикина Лиза Леонидовна,Ретардин,1463-01-27,Chemical_31 Chemical_58 Chemical_82,Мамаикина_ЛЛ,lxhNSvDlnZ
Собина Галина Ивановна,Дектанол,1299-01-25,Chemical_87 Chemical_6 Chemical_84,Собина_ГИ,gUZCdeDvj1
Антогина Лариса Евгеньевна,Железа препараты,1991-01-07,Chemical_86 Chemical_24 Chemical_78,Антогина_ЛЕ,StxOZEQO9v
Бандалетов Илья Викторович,Дикарбазин,1977-02-07,Chemical_86 Chemical_12 Chemical_48,Бандалетов_ИВ,thYiNcA5AS
Жарченков Николай Евгеньевич,Зинорам,1191-04-27,Chemical_49 Chemical_10 Chemical_23,Жарченков_НЕ,u0llD50IUT
Семушин Эдуард Кириллович,Валацикловир,1178-02-21,Chemical_51 Chemical_23 Chemical_78,Семушин_ЭК,nnfsKzIw2L
Курузаева Анна Алексеевна,Глюкозамин,1860-08-28,Chemical_43 Chemical_89 Chemical_72,Курузаева_АА,YouQGcyVbZ
Худеньких Вадим Максимович,Амоксициллин,1986-02-21,Chemical_15 Chemical_41 Chemical_84,Худеньких_ВМ,E3ESTR45xC
Щучина Галина Эдуардовна,Дексаметазон,1181-07-23,Chemical_37 Chemical_89 Chemical_64,Щучина_ГЭ,BJQ2n0mp2e
Чарышкин Игорь Денисович,Рамиприл,1092-10-21,Chemical_41 Chemical_65 Chemical_60,Чарышкин_ИД,mAHYNedFOp
Желнеронов Георгий Тимофеевич,Аллопуринол,1955-12-21,Chemical_96 Chemical_44 Chemical_73,Желнеронов_ГТ,R4lRhBmOpA
Тенлев Федор Игоревич,Омега-3 кислоты,1389-01-20,Chemical_60 Chemical_79 Chemical_80,Тенлев_ФИ,5lwgdBoFKJ
Дохин Борис Антонович,Левотироксин,1765-05-21,Chemical_86 Chemical_69 Chemical_98,Дохин_БА,ymr9qdxYw5
Аляудинова Яна Аркадьевна,Дуодарт,0926-11-12,Chemical_81 Chemical_28 Chemical_46,Аляудинова_ЯА,BzNE8iZToy
Вотова Лариса Олеговна,Линезолид,1245-11-26,Chemical_82 Chemical_82 Chemical_78,Вотова_ЛО,UPTgpsSXS6
Рыжекова Алиса Богдановна,Сетирозин,1531-11-26,Chemical_2 Chemical_6 Chemical_37,Рыжекова_АБ,EvquV9F68d
Муренкаева Елизавета Аркадьевна,Омега-3 кислоты,0912-07-22,Chemical_81 Chemical_59 Chemical_73,Муренкаева_ЕА,GAH8zkn8iv
Мокрышева Зинаида Вадимовна,Бетаметазон,1935-10-15,Chemical_36 Chemical_91 Chemical_93,Мокрышева_ЗВ,PVlpKRRT0c
Дащинский Ярослав Данилович,Мидокалм,1198-09-04,Chemical_66 Chemical_33 Chemical_93,Дащинский_ЯД,wEgYoeSS2t
Полванова Клавдия Олеговна,Спазмалгон,1544-04-05,Chemical_73 Chemical_90 Chemical_64,Полванова_КО,QDybMBd0EW
Мираков Михаил Алексиевич,Росувастатин,1424-02-15,Chemical_45 Chemical_6 Chemical_78,Мираков_МА,Yb56NFr8Fi
Коненкина Софья Леонидовна,Дектанол,1878-10-03,Chemical_24 Chemical_45 Chemical_72,Коненкина_СЛ,vkGCqxSVng
Лисанский Илья Максимович,Индометацин,1653-09-17,Chemical_42 Chemical_85 Chemical_96,Лисанский_ИМ,zh0inuQY43
Домашников Яков Юрьевич,Ингавирин,1222-03-06,Chemical_52 Chemical_85 Chemical_87,Домашников_ЯЮ,0u1nTyCzGc
Трошнин Павел Денисович,Парацетамол,1410-10-14,Chemical_75 Chemical_4 Chemical_52,Трошнин_ПД,Q6uhRlG2KN
Акимочкина Александра Аркадьевна,Ниссан,1755-10-23,Chemical_13 Chemical_37 Chemical_50,Акимочкина_АА,dduvITYx76
Бушина Софья Олеговна,Глюкозамин,1262-08-12,Chemical_62 Chemical_31 Chemical_84,Бушина_СО,P8JJjbVIfr
Коптикова Раиса Вадимовна,Небиволол,1613-07-27,Chemical_54 Chemical_59 Chemical_29,Коптикова_РВ,wBg0XwEwOU
Матюшова Надежда Василевна,Сульфасалазин,1362-08-01,Chemical_95 Chemical_17 Chemical_93,Матюшова_НВ,3Etg9gh3zZ
Яйцев Григорий Петрович,Алпразолам,1829-04-02,Chemical_100 Chemical_29 Chemical_69,Яйцев_ГП,O5F9cmoPNn
Пырькова Алина Викторовна,Вальтрекс,1704-12-07,Chemical_36 Chemical_68 Chemical_52,Пырькова_АВ,8w8jNYKjcJ
Епанчина Клавдия Борисовна,Кладрибин,1451-07-16,Chemical_28 Chemical_71 Chemical_67,Епанчина_КБ,kGmoGJN4l6
Михеюшкин Яков Игоревич,Тикалиптин,0905-03-24,Chemical_72 Chemical_18 Chemical_7,Михеюшкин_ЯИ,b7k2cjjfXC
Гнуздев Евгений Яковлевич,Золедроновая кислота,2002-09-15,Chemical_27 Chemical_15 Chemical_14,Гнуздев_ЕЯ,C5W84H7K0v
Мятченкова Евгения Сергеевна,Омепразол,1273-04-07,Chemical_23 Chemical_29 Chemical_48,Мятченкова_ЕС,dVpRsl2eOt
Оруджалиев Герасим Данилович,Рамиприл,0916-05-19,Chemical_33 Chemical_36 Chemical_98,Оруджалиев_ГД,mcYpgPAD0L
Зыбинов Борис Тимофеевич,Парацетамол,1184-05-26,Chemical_41 Chemical_15 Chemical_54,Зыбинов_БТ,0SHfCHG7qA
Лужинская Евгения Евгеньевна,Росувастатин,1217-08-04,Chemical_28 Chemical_3 Chemical_32,Лужинская_ЕЕ,bC5UAz4o8o
Типтева София Богдановна,Омепразол,1056-08-24,Chemical_28 Chemical_97 Chemical_54,Типтева_СБ,mRolzpbiIL
Маслеева Ольга Петровна,Пропанолол,1624-06-15,Chemical_63 Chemical_10 Chemical_59,Маслеева_ОП,mA20mDNCfw
Чумакаев Денис Юриевич,Сульфасалазин,1852-09-27,Chemical_75 Chemical_27 Chemical_11,Чумакаев_ДЮ,UKA9VfMODn
Микрюков Аркадий Антонович,Урсофальк,1797-03-12,Chemical_92 Chemical_86 Chemical_95,Микрюков_АА,uIwcdgbIse
Пигунова Елизавета Федоровна,Триптаны,1546-12-10,Chemical_14 Chemical_68 Chemical_42,Пигунова_ЕФ,VtFz17O5xC
Ящикова Елизавета Максимовна,Бензоилпероксид,1887-05-26,Chemical_5 Chemical_18 Chemical_3,Ящикова_ЕМ,58Xf8SnkPk
Аиненков Роман Леонидович,Мелатонин,1625-10-28,Chemical_77 Chemical_76 Chemical_24,Аиненков_РЛ,0m0ReDgUmp
Даданина Ксения Максимовна,Енап,0984-11-05,Chemical_4 Chemical_7 Chemical_89,Даданина_КМ,z5MnETVZUN
Вазильева Марина Яковлевна,Валацикловир,1000-10-15,Chemical_31 Chemical_53 Chemical_1,Вазильева_МЯ,DA9CjDGud4
Колокатов Владислав Вадимович,Лоразепам,1731-01-12,Chemical_63 Chemical_47 Chemical_21,Колокатов_ВВ,dLWiND6qHK
Мадаминова Валерия Валерьевна,Транексамовая кислота,1219-09-11,Chemical_8 Chemical_80 Chemical_62,Мадаминова_ВВ,d8OzdZvSRQ
Ловгинская Оксана Богдановна,Итрафунгол,1517-02-21,Chemical_94 Chemical_29 Chemical_18,Ловгинская_ОБ,aq6nEODxPJ
Копнин Роман Юрьевич,Протоник,1148-05-10,Chemical_30 Chemical_53 Chemical_37,Копнин_РЮ,bUWQ4hIKhN
Бызин Александр Олегович,Тикалиптин,0953-10-01,Chemical_93 Chemical_26 Chemical_28,Бызин_АО,oY5GZdLemn
Валяскина Раиса Леонидовна,Агонал,1355-01-24,Chemical_67 Chemical_61 Chemical_3,Валяскина_РЛ,C5CYiH2PfX
Щекина Евгения Федоровна,Азитромицин,1555-01-19,Chemical_76 Chemical_69 Chemical_76,Щекина_ЕФ,uc72UnT2ct
Лучшев Федор Алексеевич,Омега-3 кислоты,1231-01-14,Chemical_58 Chemical_87 Chemical_97,Лучшев_ФА,7Ckui2RhdS
Хубежев Никита Борисович,Небиволол,1175-06-13,Chemical_16 Chemical_71 Chemical_7,Хубежев_НБ,y8EaroSHlS
Агакишиев Степан Алексеевич,Мифепристон,1911-06-06,Chemical_54 Chemical_89 Chemical_44,Агакишиев_СА,rbubjSdo8J
Сгонников Михаил Кириллович,Ингавирин,1463-01-04,Chemical_67 Chemical_21 Chemical_35,Сгонников_МК,NiqjDBfOwv
Гермоченов Аркадий Леонидович,Кетопрофен,1948-11-11,Chemical_74 Chemical_47 Chemical_87,Гермоченов_АЛ,r6mfuyKMfC
Анисинкова Катерина Аркадьевна,Золаир,1414-12-11,Chemical_95 Chemical_7 Chemical_50,Анисинкова_КА,l0qFsS1f5H
Тормасова Клавдия Дмитриевна,Омепразол,1559-05-19,Chemical_43 Chemical_18 Chemical_54,Тормасова_КД,nP0cD03x5H
Беклев Семён Яковлевич,Золедроновая кислота,1022-11-17,Chemical_54 Chemical_97 Chemical_80,Беклев_СЯ,dPmMDIStbr
Лузинов Вадим Михаилович,Дектанол,1537-12-04,Chemical_16 Chemical_83 Chemical_46,Лузинов_ВМ,RuMQkoXI5M
Мизельков Дмитрий Викторович,Виагра,1414-09-17,Chemical_29 Chemical_76 Chemical_67,Мизельков_ДВ,EHiPFznthz
Роговский Вадим Алексиевич,Иммунивит,1813-09-12,Chemical_99 Chemical_11 Chemical_30,Роговский_ВА,3QIK3rwgrK
Затолопин Семён Олегович,Жасмин,1988-08-23,Chemical_86 Chemical_34 Chemical_26,Затолопин_СО,Lm3zbO5Sow
Кущенкова Алиса Михайловна,Бисопролол,1176-03-21,Chemical_77 Chemical_92 Chemical_31,Кущенкова_АМ,e7W19czmL5
Хвощинская Катерина Федоровна,Золаир,0984-06-19,Chemical_8 Chemical_80 Chemical_30,Хвощинская_КФ,PMsJzUJdyv
Шадыкина Кристина Яковлевна,Габапентин,1115-03-22,Chemical_18 Chemical_15 Chemical_92,Шадыкина_КЯ,WMo4ff7TvB
Полхова Лариса Богдановна,Диклофенак,1391-04-27,Chemical_99 Chemical_70 Chemical_85,Полхова_ЛБ,ImnFks0h7O
Капланская Кристина Дмитриевна,Золекс,1616-09-13,Chemical_79 Chemical_52 Chemical_79,Капланская_КД,aUvyme8PB9
Чушева Лиза Кирилловна,Кетопрофен,1839-02-24,Chemical_6 Chemical_55 Chemical_56,Чушева_ЛК,OcpzUVdEtM
Ахмярова Вероника Михайловна,Виагра,1363-05-21,Chemical_26 Chemical_28 Chemical_42,Ахмярова_ВМ,ZQz4mNApWB
Ксынкин Кирилл Олегович,Евалар солгар мультивитамини,1915-03-18,Chemical_16 Chemical_27 Chemical_70,Ксынкин_КО,M4Sp9kkMAk
Лантюгов Анатолий Адамович,Левофлоксацин,1760-06-01,Chemical_21 Chemical_72 Chemical_4,Лантюгов_АА,kliRoczXNd
Бложкина Анна Ивановна,Норматен,1557-07-05,Chemical_51 Chemical_67 Chemical_53,Бложкина_АИ,BbOS6r6nVg
Гейдаров Артур Викторович,Бензоилпероксид,1251-01-09,Chemical_71 Chemical_94 Chemical_67,Гейдаров_АВ,it2MVLdoWG
Челинцев Александр Максимович,Алпразолам,1971-11-07,Chemical_52 Chemical_53 Chemical_81,Челинцев_АМ,lgWMyurbtv
Горшенин Анатолий Фёдорович,Нимесулид,1976-01-19,Chemical_7 Chemical_38 Chemical_13,Горшенин_АФ,5bdKkaPU3A
Гомбожапов Андрей Юриевич,Пентоксифиллин,1060-03-13,Chemical_82 Chemical_78 Chemical_67,Гомбожапов_АЮ,IQ5CFwUAKh
Беларова Вероника Михайловна,Бензоилпероксид,0979-04-08,Chemical_86 Chemical_62 Chemical_41,Беларова_ВМ,zFjuhljDRk
Шестимиров Михаил Фёдорович,Железа препараты,1887-03-13,Chemical_87 Chemical_67 Chemical_20,Шестимиров_МФ,1LcqGKHE79
Масульская Инна Максимовна,Оланзапин,1286-04-02,Chemical_18 Chemical_9 Chemical_77,Масульская_ИМ,aVkyx1pOf4
Сергушова Ева Викторовна,Железа препараты,1858-03-15,Chemical_30 Chemical_69 Chemical_24,Сергушова_ЕВ,84IwKqcHIw
Свецкая Наталья Ивановна,Диклофенак,1296-10-17,Chemical_63 Chemical_31 Chemical_40,Свецкая_НИ,yqQPic2Ebo
Пудинова Мария Андреевна,Сетирозин,0961-06-17,Chemical_26 Chemical_95 Chemical_60,Пудинова_МА,CtsJSWJ8Ht
Тихнова Ольга Богдановна,Глюкозамин,1124-07-15,Chemical_86 Chemical_62 Chemical_81,Тихнова_ОБ,HL5Z3IRwuA
Кофтерова Алёна Никитична,Левотироксин,1268-01-22,Chemical_99 Chemical_59 Chemical_84,Кофтерова_АН,1bG6Om1b2P
Модоров Яков Фёдорович,Агонал,1157-01-26,Chemical_43 Chemical_32 Chemical_25,Модоров_ЯФ,l4jGIDCc2j
